{"AA": 0.1968461547534598, "AC": 0.26613565804180006, "AG": 0.6054780478061632, "AT": 0.9220583620352635, "CA": 0.34952997248459294, "CC": 0.1743225813086018, "CG": 0.8388953143686967, "CT": 0.527638664026334, "GA": 0.9769187768604051, "GC": 0.38996166964650636, "GG": 0.9899327528456829, "GT": 0.5929447227435359, "TA": 0.7637661399483057, "TC": 0.6769757385013163, "TG": 0.8394810862954815, "TT": 0.2552831028941671}